\,below_poverty_level_%,debt_pervaluation_%,snap_%,median_household_income_USD,gini_index,median_earnings_retail_USD
below_poverty_level_%,1.0,-0.24309566537098706,0.7365000462835316,0.616169008042371,0.3383330134037928,0.23525413634671577
debt_pervaluation_%,-0.24309566537098706,1.0,-0.32382430997249084,-0.047243709320820636,-0.0941921008267035,0.023173166884357332
snap_%,0.7365000462835316,-0.32382430997249084,1.0,0.6244058878604187,0.09375422950527554,0.1915167865459181
median_household_income_USD,0.616169008042371,-0.047243709320820636,0.6244058878604187,1.0,-0.0013190925654054482,0.33110899036361746
gini_index,0.3383330134037928,-0.0941921008267035,0.09375422950527554,-0.0013190925654054482,1.0,0.08884170877699933
median_earnings_retail_USD,0.23525413634671577,0.023173166884357332,0.1915167865459181,0.33110899036361746,0.08884170877699933,1.0
