\,licensed_nurses_per1000,dentists_per1000,pa_provider_density_per10000,pcp_per1000,psychiatrist_per1000,psychologist_per1000,pharmacist_per1000,registerednurses_per1000,health_insurance_coverage_%
licensed_nurses_per1000,1.0,0.3816531210132888,0.23794921122690688,0.36445124750723573,-0.011568646467400738,-0.002499826196155256,0.2752817998125045,0.3646344082603679,-0.15371117714449875
dentists_per1000,0.3816531210132888,1.0,0.15839380812173762,0.4785526217990877,0.0723898571963575,0.13511747129125862,0.2911969290343573,0.2363236130811414,-0.02096051552573118
pa_provider_density_per10000,0.23794921122690688,0.15839380812173762,1.0,0.48931991499261696,0.11041158581372824,0.07396337454511899,0.4942883632000351,0.7102403608669088,-0.07542448495132961
pcp_per1000,0.36445124750723573,0.4785526217990877,0.48931991499261696,1.0,0.1640394924289691,0.2425282451177627,0.5463249083421827,0.6013285512671215,-0.03634585889460517
psychiatrist_per1000,-0.011568646467400738,0.0723898571963575,0.11041158581372824,0.1640394924289691,1.0,0.6521736467341848,0.0723190798285541,0.19828806758760453,3.770414985462893e-05
psychologist_per1000,-0.002499826196155256,0.13511747129125862,0.07396337454511899,0.2425282451177627,0.6521736467341848,1.0,0.06255391444890941,0.16921284234987063,0.2012824894941294
pharmacist_per1000,0.2752817998125045,0.2911969290343573,0.4942883632000351,0.5463249083421827,0.0723190798285541,0.06255391444890941,1.0,0.6750792916621821,-0.07642327257019595
registerednurses_per1000,0.3646344082603679,0.2363236130811414,0.7102403608669088,0.6013285512671215,0.19828806758760453,0.16921284234987063,0.6750792916621821,1.0,-0.12102184161005684
health_insurance_coverage_%,-0.15371117714449875,-0.02096051552573118,-0.07542448495132961,-0.03634585889460517,3.770414985462893e-05,0.2012824894941294,-0.07642327257019595,-0.12102184161005684,1.0
