\,debt_pervaluation_%,gini_index,median_earnings_retail_USD
debt_pervaluation_%,1.0,-0.0941921008267035,0.023173166884357332
gini_index,-0.0941921008267035,1.0,0.08884170877699933
median_earnings_retail_USD,0.023173166884357332,0.08884170877699933,1.0
