\,below_poverty_level_%,debt_pervaluation_%,households_recfoodstamps_%,snap_%,median_household_income_USD,income_capita_USD,gini_index,median_earnings_retail_USD,poverty_child_%
below_poverty_level_%,1.0,-0.243095665370987,0.7680688712390658,0.7365000462835316,0.616169008042371,0.5345793448589768,0.3383330134037928,0.2352541363467158,0.8094143789677826
debt_pervaluation_%,-0.243095665370987,1.0,-0.30443312194210925,-0.32382430997249084,-0.047243709320820636,-0.0634324823275634,-0.0941921008267035,0.023173166884357332,-0.23000740754468063
households_recfoodstamps_%,0.7680688712390658,-0.30443312194210925,1.0,0.9006875062902407,0.6344705687446741,0.581532392188461,0.18323067690899772,0.2284362445786514,0.7064669651312018
snap_%,0.7365000462835316,-0.32382430997249084,0.9006875062902407,1.0,0.6244058878604187,0.6112582945024717,0.09375422950527554,0.1915167865459181,0.6975143040583679
median_household_income_USD,0.616169008042371,-0.047243709320820636,0.6344705687446741,0.6244058878604187,1.0,0.8692973341808761,-0.0013190925654054508,0.33110899036361746,0.5189980087685755
income_capita_USD,0.5345793448589768,-0.0634324823275634,0.581532392188461,0.6112582945024717,0.8692973341808761,1.0,-0.35009321372586666,0.31022975623077226,0.4976237693472622
gini_index,0.3383330134037928,-0.0941921008267035,0.18323067690899772,0.09375422950527554,-0.0013190925654054508,-0.35009321372586666,1.0,0.08884170877699933,0.19048696559450706
median_earnings_retail_USD,0.2352541363467158,0.023173166884357332,0.2284362445786514,0.1915167865459181,0.33110899036361746,0.31022975623077226,0.08884170877699933,1.0,0.1704689719060763
poverty_child_%,0.8094143789677826,-0.23000740754468063,0.7064669651312018,0.6975143040583679,0.5189980087685755,0.4976237693472622,0.19048696559450706,0.1704689719060763,1.0
