\,crimes_against_persons_%,crimes_against_property_%,crimes_against_society_%
crimes_against_persons_%,0.9426648340213685,0.7758777074233292,0.281960711307985
crimes_against_property_%,0.7758777074233292,0.973274477073556,0.30763855216911373
crimes_against_society_%,0.281960711307985,0.30763855216911373,0.9754730802691303
