\,crimes_against_persons_%,crimes_against_property_%,crimes_against_society_%
crimes_against_persons_%,1.0,0.8005008889942932,0.23935114167267793
crimes_against_property_%,0.8005008889942932,1.0,0.27323784037970555
crimes_against_society_%,0.23935114167267793,0.27323784037970555,1.0
