Feature,Importance
gross_rent_%,1.0063447070965679
supermarket_per1000,0.9905767619034209
liquor_per1000,0.9804353748168274
private_school_%,0.9220534320350815
index,0.5314876150564134
comm_bus_%,0.5115229768353888
comm_walk_%,0.41712798843702037
comm_carpool_%,0.3951044553169526
comm_cycle_%,0.05559590178057519
comm_taxi_%,0.05418553305564483
property_val_USD,0.047942412626410906
comm_car_%,0.01059855705462732
