Feature,Importance
comm_car_%,0.9585234476794753
no_vehicle_avail_%,0.5414582981420755
comm_walk_%,0.5096474225358169
comm_bus_%,0.39798803535008453
comm_cycle_%,0.39078610511637213
comm_taxi_%,0.05417016981862544
comm_wfh_%,0.02443283845170004
liquor_per1000,0.022766930803335084
food_est_per1000,0.017383512579636794
supermarket_per1000,0.015785107414108317
tobbaco_retailers_2019_%,0.0028395529879972525
comm_carpool_%,0.0021814595677913285
