Feature,Importance
gross_rent_%,0.9585235138320313
index,0.5414582740555302
comm_bus_%,0.5096474180645553
comm_carpool_%,0.3979880363395257
comm_walk_%,0.39078607410428584
comm_cycle_%,0.05417016610414426
comm_taxi_%,0.024432839225168104
private_school_%,0.022766929024916546
supermarket_per1000,0.017383512018133884
liquor_per1000,0.01578510718660089
property_val_USD,0.0028395531967300358
comm_car_%,0.0021814591126772024
