Feature,Importance
gross_rent_%,0.9585235295507757
index,0.5414582428574455
comm_bus_%,0.50964740914287
comm_carpool_%,0.3979880177280682
comm_walk_%,0.39078609017759536
comm_cycle_%,0.054170165931505
comm_taxi_%,0.024432840000122327
private_school_%,0.022766926786338963
supermarket_per1000,0.01738351021548964
liquor_per1000,0.015785105182391106
property_val_USD,0.0028395527669310937
comm_car_%,0.002181458901998479
