Feature,Importance
comm_car_%,0.9585235295507757
no_vehicle_avail_%,0.5414582428574455
comm_walk_%,0.50964740914287
comm_bus_%,0.3979880177280682
comm_cycle_%,0.39078609017759536
comm_taxi_%,0.054170165931505
comm_wfh_%,0.024432840000122327
liquor_per1000,0.022766926786338963
food_est_per1000,0.01738351021548964
supermarket_per1000,0.015785105182391106
tobbaco_retailers_2019_%,0.0028395527669310937
comm_carpool_%,0.002181458901998479
