Feature,Importance
gross_rent_%,0.9585234493937586
index,0.5414582811502976
comm_bus_%,0.5096474189190715
comm_carpool_%,0.3979880184609662
comm_walk_%,0.3907860887525532
comm_cycle_%,0.05417016639207996
comm_taxi_%,0.024432836588592625
private_school_%,0.02276692690578968
supermarket_per1000,0.01738351039475002
liquor_per1000,0.015785104997660813
property_val_USD,0.002839552629144612
comm_car_%,0.0021814593473485893
