Feature,Importance
health_insurance_coverage_%,0.9952964486328222
psychologist_per1000,0.8423721270283506
pcp_per1000,0.7131230786444531
psychiatrist_per1000,0.5320615242208944
dentists_per1000,0.347227213948431
pharmacist_per1000,0.34716791229944827
licensed_nurses_per1000,0.27367251234863776
