Feature,Importance
age_lt18_%,0.9780404010626293
race_Wh_%,0.8762225773122742
race_Alaska_%,0.6765644976523324
population_density,0.6133770400133048
median_age,0.5249757638737933
lt5years_%,0.44168021463300533
race_Afam_%,0.4306140324009803
rural_population_%,0.3813076413822572
race_Asian_%,0.3332670668443736
race_Two_%,0.2741427023189761
young_females_%,0.1458071484162368
race_Hawaii_%,0.07852025140077538
print_media_circ_%,0.034278436768024126
