Feature,Importance
race_Wh_%,0.8383042477045198
median_age,0.527736801385856
population_density,0.47333060449152653
lt5years_%,0.3220910511994427
race_Afam_%,0.31755409515309857
rural_population_%,0.309400252788212
race_Other_%,0.29152027785197904
race_Asian_%,0.28116969094944627
race_Two_%,0.18568793790758692
age_lt18_%,0.16203995413513758
young_females_%,0.07729634443644552
race_Alaska_%,0.006400634773901673
race_Hawaii_%,0.006168916245298083
print_media_circ_%,0.005854722106101378
