Feature,Importance
gini_index,0.9954935099411897
debt_pervaluation_%,0.008411471715748579
median_earnings_retail_USD,0.007426966236457878
