Feature,Importance
registerednurses_per1000,0.7650841104729673
pcp_per1000,0.5983615925655456
pharmacist_per1000,0.5049521567360208
pa_provider_density_per10000,0.44914444287564687
licensed_nurses_per1000,0.18830337648765424
dentists_per1000,0.17847102948234983
psychologist_per1000,0.049171312459454275
psychiatrist_per1000,0.0471972013854643
health_insurance_coverage_%,0.009409985202568086
