Feature,Importance
race_Wh_%,0.8383042387932897
median_age,0.5277368137841021
population_density,0.4733306044196065
lt5years_%,0.3220910512682382
race_Afam_%,0.31755409560907844
rural_population_%,0.30940025263438864
race_Other_%,0.29152027910801354
race_Asian_%,0.2811696940827924
race_Two_%,0.1856879386388214
age_lt18_%,0.16203995390528192
young_females_%,0.07729634515034423
race_Alaska_%,0.00640063478791027
race_Hawaii_%,0.006168916231660149
print_media_circ_%,0.005854722218465293
