Feature,Importance
gini_index,0.9954935099408029
debt_pervaluation_%,0.008411471716095872
median_earnings_retail_USD,0.007426966236916204
