Feature,Importance
comm_car_%,1.0467509650295141
comm_bus_%,1.009683250844986
no_vehicle_avail_%,0.7895797786996909
comm_walk_%,0.6186904871852654
comm_wfh_%,0.47527266241220895
comm_cycle_%,0.45016734900369326
comm_carpool_%,0.20000808339000042
comm_taxi_%,0.13252719394369897
tobbaco_retailers_2019_%,0.06186085240181542
