Feature,Importance
pcp_per1000,0.7474429171272915
dentists_per1000,0.32739870148574035
pharmacist_per1000,0.32015015670516905
licensed_nurses_per1000,0.2050476124278759
psychologist_per1000,0.07858199856954375
psychiatrist_per1000,0.05705245560000942
health_insurance_coverage_%,0.003308027238243696
