Feature,Importance
registerednurses_per1000,0.7650841078090111
pcp_per1000,0.5983615892882923
pharmacist_per1000,0.5049521533222237
pa_provider_density_per10000,0.4491444436489348
licensed_nurses_per1000,0.18830337412219283
dentists_per1000,0.17847102963823222
psychologist_per1000,0.04917131246097429
psychiatrist_per1000,0.04719720151812406
health_insurance_coverage_%,0.009409985256086967
