Feature,Importance
comm_car_%,1.002269112117777
no_vehicle_avail_%,0.5319577171432351
comm_walk_%,0.5111092689469561
comm_cycle_%,0.4082364535336537
comm_bus_%,0.39649896470701707
comm_taxi_%,0.05016633000514581
comm_wfh_%,0.031062597298210516
liquor_per1000,0.003955623769041489
comm_carpool_%,0.0011795579244299004
tobbaco_retailers_2019_%,0.0007793015517840764
