Feature,Importance
below_poverty_level_%,0.811342894377059
snap_%,0.7147259698808888
median_household_income_USD,0.4824345929109176
median_earnings_retail_USD,0.08498816305415566
debt_pervaluation_%,0.0635007692509516
gini_index,0.04024777148261511
