Feature,Importance
gini_index,0.1709669776564477
debt_pervaluation_%,0.12362112056162455
median_earnings_retail_USD,0.11867953663006903
