Feature,Importance
pcp_per1000,0.7474429588166961
dentists_per1000,0.3273986854873292
pharmacist_per1000,0.3201501578090352
licensed_nurses_per1000,0.20504760607306458
psychologist_per1000,0.07858199844777894
psychiatrist_per1000,0.05705245557549537
health_insurance_coverage_%,0.003308027153680513
