Feature,Importance
comm_car_%,1.0039256036924138
no_vehicle_avail_%,0.5293313614876857
comm_walk_%,0.5101660494781741
comm_cycle_%,0.41180554257199126
comm_bus_%,0.3945839922914214
comm_taxi_%,0.04927035186138779
comm_wfh_%,0.032240530526360354
comm_carpool_%,0.0010338242840527256
tobbaco_retailers_2019_%,0.0005467962728952917
