Feature,Importance
households_recfoodstamps_%,0.8170604584874642
snap_%,0.7926325994549581
below_poverty_level_%,0.7451305097140555
poverty_child_%,0.6183174603389503
median_household_income_USD,0.590031816322437
income_capita_USD,0.5088476353280467
median_earnings_retail_USD,0.08290612236200282
debt_pervaluation_%,0.062246415676875826
gini_index,0.013460057472218444
