Feature,Importance
income_capita_USD,0.8170604584874642
english_verywell_%,0.7926325994549581
no_vehicle_avail_%,0.7451305097140555
house_2000to2014_%,0.6183174603389503
house_income_gt30_USD_%,0.590031816322437
comm_wfh_%,0.5088476353280467
median_household_income_USD,0.08290612236200282
exp_perpupil_USD,0.062246415676875826
households_recfoodstamps_%,0.013460057472218444
