Feature,Importance
snap_%,0.8921331859602838
pharmacist_per1000,0.8213366600424671
registerednurses_per1000,0.8086330798552718
psychiatrist_per1000,0.783031966093471
physician_assisted_%,0.6779609941098363
pcp_per1000,0.5309912675666856
physicians_per1000,0.5277126008443102
psychologist_per1000,0.46813279119335255
young_females_%,0.44507181127417866
tobbaco_retailers_2019_%,0.146287674171598
food_est_per1000,0.11797515977537587
preschool_%,0.042397331255292214
