\,debt_pervaluation_%,gini_index,median_earnings_retail_USD
debt_pervaluation_%,0.0,0.07801632842363686,0.6652628149581765
gini_index,0.07801632842363686,0.0,0.09655306963800554
median_earnings_retail_USD,0.6652628149581765,0.09655306963800554,0.0
