\,below_poverty_level_%,debt_pervaluation_%,households_recfoodstamps_%,snap_%,median_household_income_USD,income_capita_USD,gini_index,median_earnings_retail_USD,poverty_child_%
below_poverty_level_%,0.0,4.0764085278305384e-06,1.5407051125542034e-69,3.246857019425315e-61,4.4863839752303585e-38,2.4738443106245645e-27,7.565074417390615e-11,8.411423350126004e-06,1.0902144582378845e-82
debt_pervaluation_%,4.0764085278305384e-06,0.0,5.815649911370605e-09,5.184490024045892e-10,0.37753558028614365,0.23587432188406313,0.07801632842363686,0.6652628149581765,1.347122694314278e-05
households_recfoodstamps_%,1.5407051125542034e-69,5.815649911370605e-09,0.0,2.101133321669337e-128,6.169391167247162e-41,3.822721821621013e-33,0.0005609358523327481,1.5478758899241212e-05,2.4384628251157574e-54
snap_%,3.246857019425315e-61,5.184490024045892e-10,2.101133321669337e-128,0.0,2.4403954019687172e-39,2.4441674914478023e-37,0.07941598610175195,0.00030770345107487753,1.8655531339308274e-52
median_household_income_USD,4.4863839752303585e-38,0.37753558028614365,6.169391167247162e-41,2.4403954019687172e-39,0.0,7.765384948695841e-109,0.980354040367994,1.9975789508966837e-10,1.3431304422451326e-25
income_capita_USD,2.4738443106245645e-27,0.23587432188406313,3.822721821621013e-33,2.4441674914478023e-37,7.765384948695841e-109,0.0,1.4742508015117694e-11,2.875143113904625e-09,2.328004447395973e-23
gini_index,7.565074417390615e-11,0.07801632842363686,0.0005609358523327481,0.07941598610175195,0.980354040367994,1.4742508015117694e-11,0.0,0.09655306963800554,0.0003320025313997887
median_earnings_retail_USD,8.411423350126004e-06,0.6652628149581765,1.5478758899241212e-05,0.00030770345107487753,1.9975789508966837e-10,2.875143113904625e-09,0.09655306963800554,0.0,0.0013466927766722955
poverty_child_%,1.0902144582378845e-82,1.347122694314278e-05,2.4384628251157574e-54,1.8655531339308274e-52,1.3431304422451326e-25,2.328004447395973e-23,0.0003320025313997887,0.0013466927766722955,0.0
