Feature,Eigen value (%)
no_vehicle_avail_%,0.6916085338249373
below_poverty_level_%,0.20231327743000474
exp_perpupil_USD,0.06636104423670447
debt_pervaluation_%,0.018177621730807208
homeless_Shelters_per_1000,0.014703179523024357
median_owner_home_USD,0.004392463390144193
median_sale_homes_USD,0.0017000082421589526
unemployment_rate,0.0007438716222189073
race_Wh_%,1.0329913690623641e-32
