Feature,Eigen value (%)
no_vehicle_avail_%,0.5671489604984086
below_poverty_level_%,0.18596617267931936
exp_perpupil_USD,0.12044629777598927
debt_pervaluation_%,0.05475736324061421
homeless_Shelters_per_1000,0.031020499230619974
median_owner_home_USD,0.01947486637212729
median_sale_homes_USD,0.009332644104571191
unemployment_rate,0.007848992527389615
race_Wh_%,0.002119104352384507
race_Afam_%,0.0012038051662958855
race_Alaska_%,0.0006812940522800907
race_Asian_%,5.603623960028342e-34
