Feature,Eigen value (%)
no_vehicle_avail_%,0.43734026213778593
comm_car_%,0.3436155710347724
comm_carpool_%,0.09065668031268788
comm_bus_%,0.05165472757169015
comm_walk_%,0.027880587862957776
comm_cycle_%,0.020952134132366372
comm_taxi_%,0.017069065354826215
comm_wfh_%,0.007564081059304579
tobbaco_retailers_2019_%,0.003190731834761606
liquor_per1000,7.247369540599498e-05
supermarket_per1000,3.6850034409836975e-06
food_est_per1000,4.971773562337182e-34
